"TestMethod","RAD","CAD","CAA","RAGR","AAGR","CUAA","COAA","RARA","AARA","RACR","AACR","RARAA","totalMutationScore",,,,,,
"P","28.57142857142857","19.644180874722018","30.01644736842105","24.489795918367346","14.898688915375446","98.10606060606061","99.56896551724138","36.36363636363637","23.18840579710145","62.5","49.85236220472441","36.36363636363637","46.241368487131204",,,,,,
