"TestMethod","Pairwise","AllCombination"
"RAD","100.0","100.0"
"CAD","82.5","93.75"
"CAA","100.0","100.0"
"RAGR","100.0","100.0"
"AAGR","72.72727272727273","84.0909090909091"
"CUAA","100.0","100.0"
"COAA","100.0","100.0"
"RARA","0.0","0.0"
"AARA","0.0","0.0"
"RACR","100.0","100.0"
"AACR","58.03571428571429","97.61904761904762"
"RARAA","0.0","0.0"
"totalMutationScore","71.4095744680851","91.62234042553192"
